score,nw_review_share,nw_reference_share_with_ties,score_cutoff,records,top_records,top_record_share,severe_records,top_severe_records,top_severe_capture_rate,top_severe_rate,rest_severe_rate,enrichment_odds_ratio,engine_text_capture,mass4_records,top_mass4_records,top_mass4_capture_rate
component_damage_score,0.05,0.05010878735402513,0.24382863575695363,880,324,0.36818181818181817,834,314,0.3764988009592326,0.9691358024691358,0.935251798561151,11.052973594007812,0.1814814814814815,16,10,0.625
component_damage_score,0.1,0.10487988988055592,0.13695640484842836,880,545,0.6193181818181818,834,523,0.6270983213429256,0.9596330275229358,0.9283582089552239,13.876431472023837,0.49444444444444446,16,16,1.0
component_damage_score,0.2,0.2015082219558042,0.05462240521757327,880,777,0.8829545454545454,834,747,0.89568345323741,0.9613899613899614,0.8446601941747572,29.76677353250635,0.8925925925925926,16,16,1.0
event_consequence_score,0.05,0.051788700916181936,0.55305195034062,880,544,0.6181818181818182,834,528,0.6330935251798561,0.9705882352941176,0.9107142857142857,29.624674720681497,0.6,16,10,0.625
event_consequence_score,0.1,0.10034338321270518,0.4156185091445515,880,655,0.7443181818181818,834,637,0.7637889688249401,0.9725190839694656,0.8755555555555555,26.06153310174611,0.7425925925925926,16,12,0.75
event_consequence_score,0.2,0.20013172890487396,0.24213881858413627,880,745,0.8465909090909091,834,715,0.8573141486810552,0.959731543624161,0.8814814814814815,21.98896836769133,0.8537037037037037,16,16,1.0
hierarchical_component_damage_score,0.05,0.050056983852108404,0.3000256819928861,880,568,0.6454545454545455,834,540,0.6474820143884892,0.9507042253521126,0.9423076923076923,34.520963855421684,0.587037037037037,16,10,0.625
hierarchical_component_damage_score,0.1,0.10041738821544337,0.15427263544384467,880,800,0.9090909090909091,834,763,0.9148681055155875,0.95375,0.8875,89.080648531519,0.9425925925925925,16,14,0.875
hierarchical_component_damage_score,0.2,0.2021446649793526,0.05465236842112996,880,858,0.975,834,819,0.9820143884892086,0.9545454545454546,0.6818181818181818,150.59609664028767,0.9962962962962963,16,16,1.0
